,algorythm,accuracy,precision,recall
fbeta_06,XGBoost,0.961979,0.808717,0.610603
fbeta_09,XGBoost,0.953516,0.638484,0.800731
fbeta_08,XGBoost,0.958073,0.804878,0.542962
fbeta_07,XGBoost,0.949349,0.618619,0.753199
roc_auc,XGBoost,0.936719,0.532551,0.912249
